[
  {
    "cluster_eng": "Hong Kong East Cluster",
    "institution_eng": "Cheshire Home, Chung Hom Kok",
    "with_AE_service_eng": "No",
    "address_eng": "128 Chung Hom Kok Road, HK",
    "cluster_tc": "港島東醫院聯網",
    "institution_tc": "舂磡角慈氏護養院",
    "with_AE_service_tc": "否",
    "address_tc": "香港舂磡角道128號",
    "cluster_sc": "港岛东医院联网",
    "institution_sc": "舂磡角慈氏护养院",
    "with_AE_service_sc": "否",
    "address_sc": "香港舂磡角道128号",
    "latitude": 22.212024334,
    "longitude": 114.19729951
  },
  {
    "cluster_eng": "Hong Kong East Cluster",
    "institution_eng": "Pamela Youde Nethersole Eastern Hospital",
    "with_AE_service_eng": "Yes",
    "address_eng": "3 Lok Man Road, Chai Wan, HK",
    "cluster_tc": "港島東醫院聯網",
    "institution_tc": "東區尤德夫人那打素醫院",
    "with_AE_service_tc": "是",
    "address_tc": "香港柴灣樂民道 3 號",
    "cluster_sc": "港岛东医院联网",
    "institution_sc": "东区尤德夫人那打素医院",
    "with_AE_service_sc": "是",
    "address_sc": "香港柴湾乐民道3 号",
    "latitude": 22.26998253,
    "longitude": 114.2367003
  },
  {
    "cluster_eng": "Hong Kong East Cluster",
    "institution_eng": "Ruttonjee Hospital",
    "with_AE_service_eng": "Yes",
    "address_eng": "266 Queen's Road East, Wan Chai, HK",
    "cluster_tc": "港島東醫院聯網",
    "institution_tc": "律敦治醫院",
    "with_AE_service_tc": "是",
    "address_tc": "香港灣仔皇后大道東 266 號",
    "cluster_sc": "港岛东医院联网",
    "institution_sc": "律敦治医院",
    "with_AE_service_sc": "是",
    "address_sc": "香港湾仔皇后大道东 266 号",
    "latitude": 22.275908631,
    "longitude": 114.17529276
  },
  {
    "cluster_eng": "Hong Kong East Cluster",
    "institution_eng": "St. John Hospital",
    "with_AE_service_eng": "Yes",
    "address_eng": "Cheung Chau Hospital Road, Tung Wan, Cheung Chau",
    "cluster_tc": "港島東醫院聯網",
    "institution_tc": "長洲醫院",
    "with_AE_service_tc": "是",
    "address_tc": "長洲東灣長洲醫院路",
    "cluster_sc": "港岛东医院联网",
    "institution_sc": "长洲医院",
    "with_AE_service_sc": "是",
    "address_sc": "长洲东湾长洲医院路",
    "latitude": 22.208059492,
    "longitude": 114.03150671
  },
  {
    "cluster_eng": "Hong Kong East Cluster",
    "institution_eng": "Tang Shiu Kin Hospital",
    "with_AE_service_eng": "No",
    "address_eng": "282 Queen's Road East, Wan Chai, HK",
    "cluster_tc": "港島東醫院聯網",
    "institution_tc": "鄧肇堅醫院",
    "with_AE_service_tc": "否",
    "address_tc": "香港灣仔皇后大道東 282 號",
    "cluster_sc": "港岛东医院联网",
    "institution_sc": "邓肇坚医院",
    "with_AE_service_sc": "否",
    "address_sc": "香港湾仔皇后大道东 282 号",
    "latitude": 22.275475165,
    "longitude": 114.1776991
  },
  {
    "cluster_eng": "Hong Kong East Cluster",
    "institution_eng": "Tung Wah Eastern Hospital",
    "with_AE_service_eng": "No",
    "address_eng": "19 Eastern Hospital Road, Causeway Bay, HK",
    "cluster_tc": "港島東醫院聯網",
    "institution_tc": "東華東院",
    "with_AE_service_tc": "否",
    "address_tc": "香港銅鑼灣東院道 19 號",
    "cluster_sc": "港岛东医院联网",
    "institution_sc": "东华东院",
    "with_AE_service_sc": "否",
    "address_sc": "香港铜锣湾东院道19 号",
    "latitude": 22.274725068,
    "longitude": 114.19026433
  },
  {
    "cluster_eng": "Hong Kong East Cluster",
    "institution_eng": "Wong Chuk Hang Hospital",
    "with_AE_service_eng": "No",
    "address_eng": "2 Wong Chuk Hang Path, Wong Chuk Hang, HK",
    "cluster_tc": "港島東醫院聯網",
    "institution_tc": "黃竹坑醫院",
    "with_AE_service_tc": "否",
    "address_tc": "香港黃竹坑黃竹坑徑 2 號",
    "cluster_sc": "港岛东医院联网",
    "institution_sc": "黄竹坑医院",
    "with_AE_service_sc": "否",
    "address_sc": "香港黄竹坑黄竹坑径2 号",
    "latitude": 22.250965962,
    "longitude": 114.17591391
  },
  {
    "cluster_eng": "Hong Kong West Cluster",
    "institution_eng": "Grantham Hospital",
    "with_AE_service_eng": "No",
    "address_eng": "125 Wong Chuk Hang Road, Aberdeen, HK",
    "cluster_tc": "港島西醫院聯網",
    "institution_tc": "葛量洪醫院",
    "with_AE_service_tc": "否",
    "address_tc": "香港仔黃竹坑道125號",
    "cluster_sc": "港岛西医院联网",
    "institution_sc": "葛量洪医院",
    "with_AE_service_sc": "否",
    "address_sc": "香港仔黄竹坑道125号",
    "latitude": 22.25129103,
    "longitude": 114.17326547
  },
  {
    "cluster_eng": "Hong Kong West Cluster",
    "institution_eng": "MacLehose Medical Rehabilitation Centre",
    "with_AE_service_eng": "No",
    "address_eng": "7 Sha Wan Drive, Pokfulam, HK",
    "cluster_tc": "港島西醫院聯網",
    "institution_tc": "麥理浩復康院",
    "with_AE_service_tc": "否",
    "address_tc": "香港薄扶林沙灣徑 7 號",
    "cluster_sc": "港岛西医院联网",
    "institution_sc": "麦理浩复康院",
    "with_AE_service_sc": "否",
    "address_sc": "香港薄扶林沙湾径7 号",
    "latitude": 22.269795326,
    "longitude": 114.12398579
  },
  {
    "cluster_eng": "Hong Kong West Cluster",
    "institution_eng": "Queen Mary Hospital",
    "with_AE_service_eng": "Yes",
    "address_eng": "102 Pokfulam Road, HK",
    "cluster_tc": "港島西醫院聯網",
    "institution_tc": "瑪麗醫院",
    "with_AE_service_tc": "是",
    "address_tc": "香港薄扶林道 102 號",
    "cluster_sc": "港岛西医院联网",
    "institution_sc": "玛丽医院",
    "with_AE_service_sc": "是",
    "address_sc": "香港薄扶林道102 号",
    "latitude": 22.270429456,
    "longitude": 114.13048628
  },
  {
    "cluster_eng": "Hong Kong West Cluster",
    "institution_eng": "The Duchess of Kent Children's Hospital at Sandy Bay",
    "with_AE_service_eng": "No",
    "address_eng": "12 Sandy Bay Road, Pokfulam, HK",
    "cluster_tc": "港島西醫院聯網",
    "institution_tc": "大口環根德公爵夫人兒童醫院",
    "with_AE_service_tc": "否",
    "address_tc": "香港薄扶林大口環道 12 號",
    "cluster_sc": "港岛西医院联网",
    "institution_sc": "大口环根德公爵夫人儿童医院",
    "with_AE_service_sc": "否",
    "address_sc": "香港薄扶林大口环道12 号",
    "latitude": 22.271493113,
    "longitude": 114.12406277
  },
  {
    "cluster_eng": "Hong Kong West Cluster",
    "institution_eng": "Tsan Yuk Hospital",
    "with_AE_service_eng": "No",
    "address_eng": "30 Hospital Road, Sai Ying Pun, HK",
    "cluster_tc": "港島西醫院聯網",
    "institution_tc": "贊育醫院",
    "with_AE_service_tc": "否",
    "address_tc": "香港西營盤醫院道 30 號",
    "cluster_sc": "港岛西医院联网",
    "institution_sc": "赞育医院",
    "with_AE_service_sc": "否",
    "address_sc": "香港西营盘医院道30 号",
    "latitude": 22.286236478,
    "longitude": 114.1445514
  },
  {
    "cluster_eng": "Hong Kong West Cluster",
    "institution_eng": "Tung Wah Group of Hospitals Fung Yiu King Hospital",
    "with_AE_service_eng": "No",
    "address_eng": "9 Sandy Bay Road, Pokfulam, Hong Kong",
    "cluster_tc": "港島西醫院聯網",
    "institution_tc": "東華三院馮堯敬醫院",
    "with_AE_service_tc": "否",
    "address_tc": "香港薄扶林大口環道９號",
    "cluster_sc": "港岛西医院联网",
    "institution_sc": "东华三院冯尧敬医院",
    "with_AE_service_sc": "否",
    "address_sc": "香港薄扶林大口环道９号",
    "latitude": 22.27140306,
    "longitude": 114.12484872
  },
  {
    "cluster_eng": "Hong Kong West Cluster",
    "institution_eng": "Tung Wah Hospital",
    "with_AE_service_eng": "No",
    "address_eng": "12 Po Yan Street, Sheung Wan, HK",
    "cluster_tc": "港島西醫院聯網",
    "institution_tc": "東華醫院",
    "with_AE_service_tc": "否",
    "address_tc": "香港上環普仁街 12 號",
    "cluster_sc": "港岛西医院联网",
    "institution_sc": "东华医院",
    "with_AE_service_sc": "否",
    "address_sc": "香港上环普仁街12 号",
    "latitude": 22.285144231,
    "longitude": 114.14694844
  },
  {
    "cluster_eng": "Kowloon Central Cluster",
    "institution_eng": "Hong Kong Buddhist Hospital",
    "with_AE_service_eng": "No",
    "address_eng": "10 Heng Lam Street, Lok Fu, KLN",
    "cluster_tc": "九龍中醫院聯網",
    "institution_tc": "香港佛教醫院",
    "with_AE_service_tc": "否",
    "address_tc": "九龍樂富杏林街 10 號",
    "cluster_sc": "九龙中医院联网",
    "institution_sc": "香港佛教医院",
    "with_AE_service_sc": "否",
    "address_sc": "九龙乐富杏林街10 号",
    "latitude": 22.33554635,
    "longitude": 114.1886976
  },
  {
    "cluster_eng": "Kowloon Central Cluster",
    "institution_eng": "Hong Kong Children's Hospital",
    "with_AE_service_eng": "No",
    "address_eng": "1 Shing Cheong Road, Kowloon",
    "cluster_tc": "九龍中醫院聯網",
    "institution_tc": "香港兒童醫院",
    "with_AE_service_tc": "否",
    "address_tc": "九龍承昌道一號",
    "cluster_sc": "九龙中医院联网",
    "institution_sc": "香港儿童医院",
    "with_AE_service_sc": "否",
    "address_sc": "九龙承昌道一号",
    "latitude": 22.315748572,
    "longitude": 114.2088644
  },
  {
    "cluster_eng": "Kowloon Central Cluster",
    "institution_eng": "Hong Kong Eye Hospital",
    "with_AE_service_eng": "No",
    "address_eng": "147K Argyle Street, KLN",
    "cluster_tc": "九龍中醫院聯網",
    "institution_tc": "香港眼科醫院",
    "with_AE_service_tc": "否",
    "address_tc": "九龍亞皆老街 147K",
    "cluster_sc": "九龙中医院联网",
    "institution_sc": "香港眼科医院",
    "with_AE_service_sc": "否",
    "address_sc": "九龙亚皆老街147K",
    "latitude": 22.324926632,
    "longitude": 114.18462003
  },
  {
    "cluster_eng": "Kowloon Central Cluster",
    "institution_eng": "Hong Kong Red Cross Blood Transfusion Service",
    "with_AE_service_eng": "No",
    "address_eng": "15 King's Park Rise, KLN",
    "cluster_tc": "九龍中醫院聯網",
    "institution_tc": "香港紅十字會輸血服務中心",
    "with_AE_service_tc": "否",
    "address_tc": "九龍京士柏道 15 號",
    "cluster_sc": "九龙中医院联网",
    "institution_sc": "香港红十字会输血服务中心",
    "with_AE_service_sc": "否",
    "address_sc": "九龙京士柏道15 号",
    "latitude": 22.310622338,
    "longitude": 114.17448684
  },
  {
    "cluster_eng": "Kowloon Central Cluster",
    "institution_eng": "Kowloon Hospital",
    "with_AE_service_eng": "No",
    "address_eng": "147A Argyle Street, KLN",
    "cluster_tc": "九龍中醫院聯網",
    "institution_tc": "九龍醫院",
    "with_AE_service_tc": "否",
    "address_tc": "九龍亞皆老街 147A",
    "cluster_sc": "九龙中医院联网",
    "institution_sc": "九龙医院",
    "with_AE_service_sc": "否",
    "address_sc": "九龙亚皆老街147A",
    "latitude": 22.323707665,
    "longitude": 114.17966006
  },
  {
    "cluster_eng": "Kowloon Central Cluster",
    "institution_eng": "Kwong Wah Hospital",
    "with_AE_service_eng": "Yes",
    "address_eng": "25 Waterloo Road, KLN",
    "cluster_tc": "九龍中醫院聯網",
    "institution_tc": "廣華醫院",
    "with_AE_service_tc": "是",
    "address_tc": "九龍窩打老道 25 號",
    "cluster_sc": "九龙中医院联网",
    "institution_sc": "广华医院",
    "with_AE_service_sc": "是",
    "address_sc": "九龙窝打老道25 号",
    "latitude": 22.315173719,
    "longitude": 114.17243887
  },
  {
    "cluster_eng": "Kowloon Central Cluster",
    "institution_eng": "Our Lady of Maryknoll Hospital",
    "with_AE_service_eng": "No",
    "address_eng": "118 Shatin Pass Road, Wong Tai Sin, KLN",
    "cluster_tc": "九龍中醫院聯網",
    "institution_tc": "聖母醫院",
    "with_AE_service_tc": "否",
    "address_tc": "九龍黃大仙沙田坳道 118 號",
    "cluster_sc": "九龙中医院联网",
    "institution_sc": "圣母医院",
    "with_AE_service_sc": "否",
    "address_sc": "九龙黄大仙沙田坳道 118 号",
    "latitude": 22.345587576,
    "longitude": 114.19657146
  },
  {
    "cluster_eng": "Kowloon Central Cluster",
    "institution_eng": "Queen Elizabeth Hospital",
    "with_AE_service_eng": "Yes",
    "address_eng": "30 Gascoigne Road, KLN",
    "cluster_tc": "九龍中醫院聯網",
    "institution_tc": "伊利沙伯醫院",
    "with_AE_service_tc": "是",
    "address_tc": "九龍加士居道30號",
    "cluster_sc": "九龙中医院联网",
    "institution_sc": "伊利沙伯医院",
    "with_AE_service_sc": "是",
    "address_sc": "九龙加士居道30号",
    "latitude": 22.309060045,
    "longitude": 114.17464215
  },
  {
    "cluster_eng": "Kowloon Central Cluster",
    "institution_eng": "Tung Wah Group of Hospitals Wong Tai Sin Hospital",
    "with_AE_service_eng": "No",
    "address_eng": "124 Shatin Pass Road, Wong Tai Sin, KLN",
    "cluster_tc": "九龍中醫院聯網",
    "institution_tc": "東華三院黃大仙醫院",
    "with_AE_service_tc": "否",
    "address_tc": "九龍黃大仙沙田坳道124號",
    "cluster_sc": "九龙中医院联网",
    "institution_sc": "东华三院黄大仙医院",
    "with_AE_service_sc": "否",
    "address_sc": "九龙黄大仙沙田坳道124号",
    "latitude": 22.346716428,
    "longitude": 114.19631921
  },
  {
    "cluster_eng": "Kowloon East Cluster",
    "institution_eng": "Haven of Hope Hospital",
    "with_AE_service_eng": "No",
    "address_eng": "8 Haven of Hope Road, Tseung Kwan O, KLN",
    "cluster_tc": "九龍東醫院聯網",
    "institution_tc": "靈實醫院",
    "with_AE_service_tc": "否",
    "address_tc": "九龍將軍澳靈實路 8 號",
    "cluster_sc": "九龙东医院联网",
    "institution_sc": "灵实医院",
    "with_AE_service_sc": "否",
    "address_sc": "九龙将军澳灵实路8 号",
    "latitude": 22.313772642,
    "longitude": 114.25626599
  },
  {
    "cluster_eng": "Kowloon East Cluster",
    "institution_eng": "Tseung Kwan O Hospital",
    "with_AE_service_eng": "Yes",
    "address_eng": "No. 2 Po Ning Lane, Hang Hau, Tseung Kwan O",
    "cluster_tc": "九龍東醫院聯網",
    "institution_tc": "將軍澳醫院",
    "with_AE_service_tc": "是",
    "address_tc": "將軍澳坑口寶寧里 2 號",
    "cluster_sc": "九龙东医院联网",
    "institution_sc": "将军澳医院",
    "with_AE_service_sc": "是",
    "address_sc": "将军澳坑口宝宁里 2 号",
    "latitude": 22.318262454,
    "longitude": 114.27019647
  },
  {
    "cluster_eng": "Kowloon East Cluster",
    "institution_eng": "United Christian Hospital",
    "with_AE_service_eng": "Yes",
    "address_eng": "130 Hip Wo Street, Kwun Tong, KLN",
    "cluster_tc": "九龍東醫院聯網",
    "institution_tc": "基督教聯合醫院",
    "with_AE_service_tc": "是",
    "address_tc": "九龍觀塘協和街 130 號",
    "cluster_sc": "九龙东医院联网",
    "institution_sc": "基督教联合医院",
    "with_AE_service_sc": "是",
    "address_sc": "九龙观塘协和街130 号",
    "latitude": 22.322245721,
    "longitude": 114.22789967
  },
  {
    "cluster_eng": "Kowloon West Cluster",
    "institution_eng": "Caritas Medical Centre",
    "with_AE_service_eng": "Yes",
    "address_eng": "111 Wing Hong Street, Sham Shui Po",
    "cluster_tc": "九龍西醫院聯網",
    "institution_tc": "明愛醫院",
    "with_AE_service_tc": "是",
    "address_tc": "九龍深水埗永康街 111 號",
    "cluster_sc": "九龙西医院联网",
    "institution_sc": "明爱医院",
    "with_AE_service_sc": "是",
    "address_sc": "九龙深水埗永康街111 号",
    "latitude": 22.340674346,
    "longitude": 114.1526543
  },
  {
    "cluster_eng": "Kowloon West Cluster",
    "institution_eng": "Kwai Chung Hospital",
    "with_AE_service_eng": "No",
    "address_eng": "3-15 Kwai Chung Hospital Road, NT",
    "cluster_tc": "九龍西醫院聯網",
    "institution_tc": "葵涌醫院",
    "with_AE_service_tc": "否",
    "address_tc": "新界葵涌醫院道 3-15 號",
    "cluster_sc": "九龙西医院联网",
    "institution_sc": "葵涌医院",
    "with_AE_service_sc": "否",
    "address_sc": "新界葵涌医院道 3-15 号",
    "latitude": 22.342927935,
    "longitude": 114.13326785
  },
  {
    "cluster_eng": "Kowloon West Cluster",
    "institution_eng": "North Lantau Hospital",
    "with_AE_service_eng": "Yes",
    "address_eng": "8 Chung Yan Road, Tung Chung, Lantau",
    "cluster_tc": "九龍西醫院聯網",
    "institution_tc": "北大嶼山醫院",
    "with_AE_service_tc": "是",
    "address_tc": "大嶼山東涌松仁路8號",
    "cluster_sc": "九龙西医院联网",
    "institution_sc": "北大屿山医院",
    "with_AE_service_sc": "是",
    "address_sc": "大屿山东涌松仁路8号",
    "latitude": 22.282570845,
    "longitude": 113.93914094
  },
  {
    "cluster_eng": "Kowloon West Cluster",
    "institution_eng": "Princess Margaret Hospital",
    "with_AE_service_eng": "Yes",
    "address_eng": "2-10 Princess Margaret Hospital Road, Lai Chi Kok, Kowloon",
    "cluster_tc": "九龍西醫院聯網",
    "institution_tc": "瑪嘉烈醫院",
    "with_AE_service_tc": "是",
    "address_tc": "九龍荔枝角瑪嘉烈醫院道2-10號",
    "cluster_sc": "九龙西医院联网",
    "institution_sc": "玛嘉烈医院",
    "with_AE_service_sc": "是",
    "address_sc": "九龙荔枝角玛嘉烈医院道2-10号",
    "latitude": 22.340146901,
    "longitude": 114.13470541
  },
  {
    "cluster_eng": "Kowloon West Cluster",
    "institution_eng": "Yan Chai Hospital",
    "with_AE_service_eng": "Yes",
    "address_eng": "7-11 Yan Chai Street, Tsuen Wan, NT",
    "cluster_tc": "九龍西醫院聯網",
    "institution_tc": "仁濟醫院",
    "with_AE_service_tc": "是",
    "address_tc": "新界荃灣仁濟街 7-11 號",
    "cluster_sc": "九龙西医院联网",
    "institution_sc": "仁济医院",
    "with_AE_service_sc": "是",
    "address_sc": "新界荃湾仁济街 7-11 号",
    "latitude": 22.369482469,
    "longitude": 114.11942365
  },
  {
    "cluster_eng": "New Territories East Cluster",
    "institution_eng": "Alice Ho Miu Ling Nethersole Hospital",
    "with_AE_service_eng": "Yes",
    "address_eng": "11 Chuen On Road, Tai Po, NT",
    "cluster_tc": "新界東醫院聯網",
    "institution_tc": "雅麗氏何妙齡那打素醫院",
    "with_AE_service_tc": "是",
    "address_tc": "新界大埔全安路 11 號",
    "cluster_sc": "新界东医院联网",
    "institution_sc": "雅丽氏何妙龄那打素医院",
    "with_AE_service_sc": "是",
    "address_sc": "新界大埔全安路11 号",
    "latitude": 22.458605506,
    "longitude": 114.17481469
  },
  {
    "cluster_eng": "New Territories East Cluster",
    "institution_eng": "Bradbury Hospice",
    "with_AE_service_eng": "No",
    "address_eng": "17 A Kung Kok Shan Road, Shatin, NT",
    "cluster_tc": "新界東醫院聯網",
    "institution_tc": "白普理寧養中心",
    "with_AE_service_tc": "否",
    "address_tc": "新界沙田亞公角山路 17 號",
    "cluster_sc": "新界东医院联网",
    "institution_sc": "白普理宁养中心",
    "with_AE_service_sc": "否",
    "address_sc": "新界沙田亚公角山路17 号",
    "latitude": 22.398512223,
    "longitude": 114.21509866
  },
  {
    "cluster_eng": "New Territories East Cluster",
    "institution_eng": "Cheshire Home, Shatin",
    "with_AE_service_eng": "No",
    "address_eng": "30 A Kung Kok Shan Road, Shatin, NT",
    "cluster_tc": "新界東醫院聯網",
    "institution_tc": "沙田慈氏護養院",
    "with_AE_service_tc": "否",
    "address_tc": "新界沙田亞公角山路 30 號",
    "cluster_sc": "新界东医院联网",
    "institution_sc": "沙田慈氏护养院",
    "with_AE_service_sc": "否",
    "address_sc": "新界沙田亚公角山路30 号",
    "latitude": 22.399180136,
    "longitude": 114.21652643
  },
  {
    "cluster_eng": "New Territories East Cluster",
    "institution_eng": "North District Hospital",
    "with_AE_service_eng": "Yes",
    "address_eng": "9 Po Kin Road, Sheung Shui, NT",
    "cluster_tc": "新界東醫院聯網",
    "institution_tc": "北區醫院",
    "with_AE_service_tc": "是",
    "address_tc": "新界上水保健路9號",
    "cluster_sc": "新界东医院联网",
    "institution_sc": "北区医院",
    "with_AE_service_sc": "是",
    "address_sc": "新界上水保健路9号",
    "latitude": 22.496831828,
    "longitude": 114.12456081
  },
  {
    "cluster_eng": "New Territories East Cluster",
    "institution_eng": "Prince of Wales Hospital",
    "with_AE_service_eng": "Yes",
    "address_eng": "30-32 Ngan Shing Street, Shatin, NT",
    "cluster_tc": "新界東醫院聯網",
    "institution_tc": "威爾斯親王醫院",
    "with_AE_service_tc": "是",
    "address_tc": "新界沙田銀城街 30-32 號",
    "cluster_sc": "新界东医院联网",
    "institution_sc": "威尔斯亲王医院",
    "with_AE_service_sc": "是",
    "address_sc": "新界沙田银城街30-32 号",
    "latitude": 22.379749496,
    "longitude": 114.20123714
  },
  {
    "cluster_eng": "New Territories East Cluster",
    "institution_eng": "Shatin Hospital",
    "with_AE_service_eng": "No",
    "address_eng": "33 A Kung Kok Street, Ma On Shan, Shatin, NT",
    "cluster_tc": "新界東醫院聯網",
    "institution_tc": "沙田醫院",
    "with_AE_service_tc": "否",
    "address_tc": "新界沙田馬鞍山亞公角街 33 號",
    "cluster_sc": "新界东医院联网",
    "institution_sc": "沙田医院",
    "with_AE_service_sc": "否",
    "address_sc": "新界沙田马鞍山亚公角街33 号",
    "latitude": 22.398115435,
    "longitude": 114.2126804
  },
  {
    "cluster_eng": "New Territories East Cluster",
    "institution_eng": "Tai Po Hospital",
    "with_AE_service_eng": "No",
    "address_eng": "9 Chuen On Road, Tai Po, NT",
    "cluster_tc": "新界東醫院聯網",
    "institution_tc": "大埔醫院",
    "with_AE_service_tc": "否",
    "address_tc": "新界大埔全安路 9 號",
    "cluster_sc": "新界东医院联网",
    "institution_sc": "大埔医院",
    "with_AE_service_sc": "否",
    "address_sc": "新界大埔全安路9 号",
    "latitude": 22.461269483,
    "longitude": 114.17463005
  },
  {
    "cluster_eng": "New Territories West Cluster",
    "institution_eng": "Castle Peak Hospital",
    "with_AE_service_eng": "No",
    "address_eng": "15 Tsing Chung Koon Road, Tuen Mun, NT",
    "cluster_tc": "新界西醫院聯網",
    "institution_tc": "青山醫院",
    "with_AE_service_tc": "否",
    "address_tc": "新界屯門青松觀路 15 號",
    "cluster_sc": "新界西医院联网",
    "institution_sc": "青山医院",
    "with_AE_service_sc": "否",
    "address_sc": "新界屯门青松观路15 号",
    "latitude": 22.41007457,
    "longitude": 113.97370404
  },
  {
    "cluster_eng": "New Territories West Cluster",
    "institution_eng": "Pok Oi Hospital",
    "with_AE_service_eng": "Yes",
    "address_eng": "Au Tau, Yuen Long, NT",
    "cluster_tc": "新界西醫院聯網",
    "institution_tc": "博愛醫院",
    "with_AE_service_tc": "是",
    "address_tc": "新界元朗坳頭",
    "cluster_sc": "新界西医院联网",
    "institution_sc": "博爱医院",
    "with_AE_service_sc": "是",
    "address_sc": "新界元朗坳头",
    "latitude": 22.445400365,
    "longitude": 114.0413931
  },
  {
    "cluster_eng": "New Territories West Cluster",
    "institution_eng": "Siu Lam Hospital",
    "with_AE_service_eng": "No",
    "address_eng": "15 Tsing Chung Koon Road, Tuen Mun, N.T.",
    "cluster_tc": "新界西醫院聯網",
    "institution_tc": "小欖醫院",
    "with_AE_service_tc": "否",
    "address_tc": "新界屯門青松觀路 15 號",
    "cluster_sc": "新界西医院联网",
    "institution_sc": "小榄医院",
    "with_AE_service_sc": "否",
    "address_sc": "新界屯门青松观路 15 号",
    "latitude": 22.410049072,
    "longitude": 113.97497637
  },
  {
    "cluster_eng": "New Territories West Cluster",
    "institution_eng": "Tin Shui Wai Hospital",
    "with_AE_service_eng": "Yes",
    "address_eng": "11 Tin Tan Street, Tin Shui Wai, New Territories",
    "cluster_tc": "新界西醫院聯網",
    "institution_tc": "天水圍醫院",
    "with_AE_service_tc": "是",
    "address_tc": "新界天水圍天壇街11號",
    "cluster_sc": "新界西医院联网",
    "institution_sc": "天水围医院",
    "with_AE_service_sc": "是",
    "address_sc": "新界天水围天坛街11号",
    "latitude": 22.458711703,
    "longitude": 113.9958431
  },
  {
    "cluster_eng": "New Territories West Cluster",
    "institution_eng": "Tuen Mun Hospital",
    "with_AE_service_eng": "Yes",
    "address_eng": "23 Tsing Chung Koon Road, Tuen Mun, NT",
    "cluster_tc": "新界西醫院聯網",
    "institution_tc": "屯門醫院",
    "with_AE_service_tc": "是",
    "address_tc": "新界屯門青松觀路廿三號",
    "cluster_sc": "新界西医院联网",
    "institution_sc": "屯门医院",
    "with_AE_service_sc": "是",
    "address_sc": "新界屯门青松观路廿三号",
    "latitude": 22.407224105,
    "longitude": 113.9762333
  }
]