[{
 "name": "You Don't know JS - Book Series",
 "provider": "Kyle Simpson",
 "url": "https://github.com/getify/You-Dont-Know-JS"
}, {
 "name": "Shaping Up with Angular.JS",
 "provider": "Code School",
 "url": "https://www.codeschool.com/courses/shaping-up-with-angular-js"
}, {
 "name": "HTML/JS: Making webpages interactive with jQuery",
 "provider": "Khan Academy",
 "url": "https://www.khanacademy.org/computing/computer-programming/html-js-jquery"
}, {
 "name": "jQuery AJAX",
 "provider": "W3 Schools",
 "url": "http://www.w3schools.com/jquery/jquery_ajax_intro.asp"
}, {
 "name": "JQuery API Documentation",
 "provider": "jQuery",
 "url": "https://api.jquery.com"
}]