{"error":0,"message":"Aids data fetch successfully","data":[{"id":"8","title":"Not Seeking Medical Care From an HIV Specialist"},{"id":"7","title":"Not Following Your HIV Treatment Plan"},{"id":"6","title":"Forgetting to Take Your HIV Medication"},{"id":"5","title":"Not Letting Your Doctor Know About HIV Treatment Challenges"},{"id":"4","title":"Not Telling Your Doctor About HIV Symptoms"},{"id":"3","title":"Taking Certain Dietary Supplements"},{"id":"2","title":"Not Seeing Your Dentist Regularly"},{"id":"1","title":"Using Alcohol or Drugs"}]}
